site,mean_precip,mean_et,mean_pet,aridity_index,evaporation_ratio
AU-Rob,2442,1171.67428051819,1685.0939122273235,0.6900466471037361,0.4798010976732965
FI-Var,2442,161.62660979949692,280.7192389981807,0.11495464332439831,0.06618616289905689
SE-Deg,2442,266.89797638379423,292.7485868040541,0.11988066617692635,0.10929483062399437
SE-Svb,2442,251.43382302898246,501.8971504896172,0.2055270886525869,0.10296225349262181
US-Wkg,2442,294.470876954636,949.899310591599,0.38898415667141645,0.12058594469886816
US-xCP,2442,291.626202496511,581.4164068332377,0.23809025668846753,0.1194210493433706
