site,mean_precip,mean_et,mean_pet,aridity_index,evaporation_ratio
CA-Gro,830.3200001511897,387.3099054534123,607.4846847553412,0.7316271854763545,0.46645860075981377
US-ARM,649.4662789716814,669.2601712807729,757.6416065281753,1.1665603451002429,1.030477167098547
US-Ro6,866.6420000310426,530.8135765594259,688.9064817278642,0.7949147187687511,0.6124946362401228
